Project,StartYear,Duration
project 1,2026,6
project 10,2026,2
project 100,2048,2
project 101,2048,3
project 102,2048,2
project 103,2047,3
project 104,2048,3
project 105,2048,15
project 106,2053,9
project 107,2048,9
project 108,2051,16
project 109,2055,3
project 11,2026,1
project 110,2051,8
project 111,2055,5
project 112,2048,3
project 113,2052,7
project 114,2051,7
project 115,2054,8
project 116,2056,5
project 117,2056,5
project 118,2055,7
project 119,2055,6
project 12,2026,2
project 120,2054,6
project 121,2055,3
project 122,2051,3
project 123,2055,3
project 124,2049,5
project 125,2048,2
project 126,2055,4
project 127,2050,9
project 128,2049,5
project 129,2049,5
project 13,2026,1
project 130,2051,8
project 131,2055,7
project 132,2054,5
project 133,2051,7
project 134,2055,6
project 135,2055,6
project 136,2053,9
project 137,2048,3
project 138,2049,2
project 139,2048,6
project 14,2026,2
project 140,2048,3
project 141,2052,9
project 142,2048,3
project 143,2049,5
project 144,2049,5
project 145,2049,5
project 146,2053,6
project 147,2054,6
project 148,2056,4
project 149,2048,3
project 15,2026,2
project 150,2049,2
project 151,2050,4
project 152,2055,3
project 153,2049,2
project 154,2052,8
project 155,2055,5
project 156,2050,4
project 157,2048,3
project 158,2048,3
project 159,2049,2
project 16,2026,1
project 160,2048,3
project 161,2048,1
project 162,2049,3
project 163,2049,1
project 164,2055,5
project 165,2049,1
project 166,2046,4
project 167,2050,4
project 168,2055,5
project 169,2049,1
project 17,2026,1
project 170,2049,2
project 171,2047,3
project 172,2049,3
project 173,2048,2
project 174,2048,1
project 175,2050,4
project 176,2049,2
project 177,2053,2
project 178,2049,2
project 179,2049,1
project 18,2026,2
project 180,2049,2
project 181,2049,1
project 182,2055,6
project 183,2049,2
project 184,2048,1
project 185,2049,2
project 186,2055,3
project 187,2049,2
project 188,2048,3
project 189,2056,3
project 19,2026,1
project 190,2049,1
project 191,2048,1
project 192,2050,2
project 193,2048,1
project 194,2048,2
project 195,2049,2
project 196,2049,1
project 197,2049,1
project 198,2048,2
project 199,2055,3
project 2,2026,3
project 20,2026,2
project 200,2050,2
project 201,2049,2
project 202,2049,1
project 203,2048,2
project 204,2048,3
project 205,2049,1
project 206,2049,2
project 207,2049,2
project 208,2049,1
project 209,2051,3
project 21,2026,1
project 210,2049,2
project 211,2048,1
project 212,2049,2
project 213,2049,2
project 214,2049,2
project 215,2059,3
project 216,2060,2
project 217,2058,9
project 218,2064,3
project 219,2064,5
project 22,2026,2
project 23,2026,1
project 24,2026,2
project 25,2026,2
project 26,2026,1
project 27,2026,2
project 28,2026,2
project 29,2026,2
project 3,2026,2
project 30,2026,2
project 31,2026,6
project 32,2026,3
project 33,2026,2
project 34,2026,2
project 35,2026,6
project 36,2026,4
project 37,2026,2
project 38,2026,4
project 39,2026,2
project 4,2026,2
project 40,2026,2
project 41,2026,2
project 42,2026,1
project 43,2026,1
project 44,2026,1
project 45,2026,2
project 46,2026,8
project 47,2026,2
project 48,2026,2
project 49,2026,2
project 5,2026,2
project 50,2026,8
project 51,2026,5
project 52,2026,9
project 53,2026,2
project 54,2026,8
project 55,2026,2
project 56,2026,1
project 57,2026,1
project 58,2026,4
project 59,2026,3
project 6,2026,1
project 60,2026,6
project 61,2026,1
project 62,2026,1
project 63,2026,1
project 64,2026,2
project 65,2026,1
project 66,2026,2
project 67,2026,4
project 68,2035,5
project 69,2026,1
project 7,2026,1
project 70,2032,6
project 71,2026,3
project 72,2026,1
project 73,2026,6
project 74,2026,5
project 75,2026,16
project 76,2026,21
project 77,2026,1
project 78,2026,3
project 79,2026,2
project 8,2026,1
project 80,2026,1
project 81,2026,3
project 82,2026,2
project 83,2026,2
project 84,2026,1
project 85,2026,2
project 86,2026,5
project 87,2026,3
project 88,2037,5
project 89,2026,3
project 9,2026,1
project 90,2048,3
project 91,2046,4
project 92,2046,5
project 93,2026,2
project 94,2026,1
project 95,2047,5
project 96,2047,6
project 97,2048,7
project 98,2048,1
project 99,2048,7
project 220,2035,20
project 222,2036,13
project 223,2026,13
project 224,2026,9
project 225,2026,4
project 226,2026,16
project 227,2026,20
project 228,2026,9
project 229,2026,23
project 230,2027,19
project 231,2057,10
project 232,2026,13
project 233,2026,7
